geocoes:name,geocies:name,geocies:zipCode,geocies:idStat,geocigres:name,geon3es:name,geon2es:name,geocoes:idIso,geon3es:idIso,geon3es:idStat,geon2es:idIso,geon2es:idStat,geocoes:statisticalInstitute,geo_borough:name
España,Barcelona,8001,,Barcelonès,Barcelona,Catalunya,ES,ES-B,,,ES-CT,,
España,Barcelona,8002,,Barcelonès,Barcelona,Catalunya,ES,ES-B,,,,,
España,Barcelona,8003,,Barcelonès,Barcelona,Catalunya,ES,ES-B,,,,,
España,Barcelona,8004,,Barcelonès,Barcelona,Catalunya,ES,ES-B,,,,,
España,Barcelona,8005,,Barcelonès,Barcelona,Catalunya,ES,ES-B,,,,,
España,Barcelona,8006,,Barcelonès,Barcelona,Catalunya,ES,ES-B,,,,,
España,Barcelona,8007,,Barcelonès,Barcelona,Catalunya,ES,ES-B,,,,,
España,Barcelona,8008,,Barcelonès,Barcelona,Catalunya,ES,ES-B,,,,,
España,Barcelona,8009,,Barcelonès,Barcelona,Catalunya,ES,ES-B,,,,,
España,Barcelona,8010,,Barcelonès,Barcelona,Catalunya,ES,ES-B,,,,,
España,Barcelona,8011,,Barcelonès,Barcelona,Catalunya,ES,ES-B,,,,,
España,Barcelona,8012,,Barcelonès,Barcelona,Catalunya,ES,ES-B,,,,,
España,Barcelona,8013,,Barcelonès,Barcelona,Catalunya,ES,ES-B,,,,,
España,Barcelona,8014,,Barcelonès,Barcelona,Catalunya,ES,ES-B,,,,,
España,Barcelona,8015,,Barcelonès,Barcelona,Catalunya,ES,ES-B,,,,,
España,Barcelona,8016,,Barcelonès,Barcelona,Catalunya,ES,ES-B,,,,,
España,Barcelona,8017,,Barcelonès,Barcelona,Catalunya,ES,ES-B,,,,,
España,Barcelona,8018,,Barcelonès,Barcelona,Catalunya,ES,ES-B,,,,,
España,Barcelona,8019,,Barcelonès,Barcelona,Catalunya,ES,ES-B,,,,,
España,Barcelona,8020,,Barcelonès,Barcelona,Catalunya,ES,ES-B,,,,,
España,Barcelona,8021,,Barcelonès,Barcelona,Catalunya,ES,ES-B,,,,,
España,Barcelona,8022,,Barcelonès,Barcelona,Catalunya,ES,ES-B,,,,,
España,Barcelona,8023,,Barcelonès,Barcelona,Catalunya,ES,ES-B,,,,,
España,Barcelona,8024,,Barcelonès,Barcelona,Catalunya,ES,ES-B,,,,,
España,Barcelona,8025,,Barcelonès,Barcelona,Catalunya,ES,ES-B,,,,,
España,Barcelona,8026,,Barcelonès,Barcelona,Catalunya,ES,ES-B,,,,,
España,Barcelona,8027,,Barcelonès,Barcelona,Catalunya,ES,ES-B,,,,,
España,Barcelona,8028,,Barcelonès,Barcelona,Catalunya,ES,ES-B,,,,,
España,Barcelona,8029,,Barcelonès,Barcelona,Catalunya,ES,ES-B,,,,,
España,Barcelona,8030,,Barcelonès,Barcelona,Catalunya,ES,ES-B,,,,,
España,Barcelona,8031,,Barcelonès,Barcelona,Catalunya,ES,ES-B,,,,,
España,Barcelona,8032,,Barcelonès,Barcelona,Catalunya,ES,ES-B,,,,,
España,Barcelona,8033,,Barcelonès,Barcelona,Catalunya,ES,ES-B,,,,,
España,Barcelona,8034,,Barcelonès,Barcelona,Catalunya,ES,ES-B,,,,,
España,Barcelona,8035,,Barcelonès,Barcelona,Catalunya,ES,ES-B,,,,,
España,Barcelona,8036,,Barcelonès,Barcelona,Catalunya,ES,ES-B,,,,,
España,Barcelona,8037,,Barcelonès,Barcelona,Catalunya,ES,ES-B,,,,,
España,Barcelona,8038,,Barcelonès,Barcelona,Catalunya,ES,ES-B,,,,,
España,Barcelona,8039,,Barcelonès,Barcelona,Catalunya,ES,ES-B,,,,,
España,Barcelona,8040,,Barcelonès,Barcelona,Catalunya,ES,ES-B,,,,,
España,Barcelona,8041,,Barcelonès,Barcelona,Catalunya,ES,ES-B,,,,,
España,Barcelona,8042,,Barcelonès,Barcelona,Catalunya,ES,ES-B,,,,,
España,Barcelona,8070,,Barcelonès,Barcelona,Catalunya,ES,ES-B,,,,,
España,Barcelona,8071,,Barcelonès,Barcelona,Catalunya,ES,ES-B,,,,,
España,Barcelona,8080,,Barcelonès,Barcelona,Catalunya,ES,ES-B,,,,,
España,Mollet Del Vallès,8100,,Vallès Oriental,Barcelona,Catalunya,ES,ES-B,,,,,
España,Gallecs,8104,,Vallès Oriental,Barcelona,Catalunya,ES,ES-B,,,,,
España,La Conreria,8105,,Vallès Oriental,Barcelona,Catalunya,ES,ES-B,,,,,
España,Sant Fost De Campsentelles,8105,,Vallès Oriental,Barcelona,Catalunya,ES,ES-B,,,,,
España,Santa Maria De Martorelles,8106,,Vallès Oriental,Barcelona,Catalunya,ES,ES-B,,,,,
España,Martorelles,8107,,Vallès Oriental,Barcelona,Catalunya,ES,ES-B,,,,,
España,Montcada I Reixac,8110,,Vallès Occidental,Barcelona,Catalunya,ES,ES-B,,,,,
España,La Vallençana,8110,,Vallès Occidental,Barcelona,Catalunya,ES,ES-B,,,,,
España,La Llagosta,8120,,Vallès Occidental,Barcelona,Catalunya,ES,ES-B,,,,,
España,La Florida,8130,,Vallès Occidental,Barcelona,Catalunya,ES,ES-B,,,,,
España,Mogoda,8130,,Vallès Occidental,Barcelona,Catalunya,ES,ES-B,,,,,
España,Santa Perpètua De Mogoda,8130,,Vallès Occidental,Barcelona,Catalunya,ES,ES-B,,,,,
España,Santiga (Santa Perpètua De Mogoda),8130,,Vallès Occidental,Barcelona,Catalunya,ES,ES-B,,,,,
España,Caldes De Montbui,8140,,Vallès Oriental,Barcelona,Catalunya,ES,ES-B,,,,,
España,Can Valls-To,8140,,Vallès Oriental,Barcelona,Catalunya,ES,ES-B,,,,,
España,Gallifa,8146,,Vallès Occidental,Barcelona,Catalunya,ES,ES-B,,,,,
España,L'Estany,8148,,Bages,Barcelona,Catalunya,ES,ES-B,,,,,
España,L'Eixample,8150,,Vallès Oriental,Barcelona,Catalunya,ES,ES-B,,,,,
España,Parets Del Vallès,8150,,Vallès Oriental,Barcelona,Catalunya,ES,ES-B,,,,,
España,Montmeló,8160,,Vallès Oriental,Barcelona,Catalunya,ES,ES-B,,,,,
España,Montornès Del Vallès,8170,,Vallès Oriental,Barcelona,Catalunya,ES,ES-B,,,,,
España,Sant Cugat Del Vallès,8171,,Vallès Occidental,Barcelona,Catalunya,ES,ES-B,,,,,
España,Sant Cugat Del Vallès,8172,,Vallès Occidental,Barcelona,Catalunya,ES,ES-B,,,,,
España,Sant Cugat Del Vallès,8173,,Vallès Occidental,Barcelona,Catalunya,ES,ES-B,,,,,
España,Sant Cugat Del Vallès,8174,,Vallès Occidental,Barcelona,Catalunya,ES,ES-B,,,,,
España,Collsuspina,8178,,Osona,Barcelona,Catalunya,ES,ES-B,,,,,
España,Moià,8180,,Bages,Barcelona,Catalunya,ES,ES-B,,,,,
España,Sentmenat,8181,,Vallès Occidental,Barcelona,Catalunya,ES,ES-B,,,,,
España,Sant Feliu De Codines,8182,,Vallès Oriental,Barcelona,Catalunya,ES,ES-B,,,,,
España,Castellcir,8183,,Vallès Oriental,Barcelona,Catalunya,ES,ES-B,,,,,
España,Castellterçol,8183,,Vallès Oriental,Barcelona,Catalunya,ES,ES-B,,,,,
España,Granera,8183,,Vallès Oriental,Barcelona,Catalunya,ES,ES-B,,,,,
España,Palau-Solità I Plegamans,8184,,Vallès Occidental,Barcelona,Catalunya,ES,ES-B,,,,,
España,Lliçà De Vall,8185,,Vallès Oriental,Barcelona,Catalunya,ES,ES-B,,,,,
España,El Pla (Lliça De Vall),8185,,Vallès Oriental,Barcelona,Catalunya,ES,ES-B,,,,,
España,Lliçà D'Amunt,8186,,Vallès Oriental,Barcelona,Catalunya,ES,ES-B,,,,,
España,El Boanire,8187,,Vallès Oriental,Barcelona,Catalunya,ES,ES-B,,,,,
España,El Rieral,8187,,Vallès Oriental,Barcelona,Catalunya,ES,ES-B,,,,,
España,La Sagrera,8187,,Vallès Oriental,Barcelona,Catalunya,ES,ES-B,,,,,
España,Santa Eulàlia De Ronçana,8187,,Vallès Oriental,Barcelona,Catalunya,ES,ES-B,,,,,
España,El Serrat,8187,,Vallès Oriental,Barcelona,Catalunya,ES,ES-B,,,,,
España,Vallromanes,8188,,Vallès Oriental,Barcelona,Catalunya,ES,ES-B,,,,,
España,Sant Quirze Safaja,8189,,Vallès Oriental,Barcelona,Catalunya,ES,ES-B,,,,,
España,Sant Cugat Del Vallès,8190,,Vallès Occidental,Barcelona,Catalunya,ES,ES-B,,,,,
España,Rubí,8191,,Vallès Occidental,Barcelona,Catalunya,ES,ES-B,,,,,
España,Sant Quirze Del Vallès,8192,,Vallès Occidental,Barcelona,Catalunya,ES,ES-B,,,,,
España,Bellaterra,8193,,Vallès Occidental,Barcelona,Catalunya,ES,ES-B,,,,,
España,"Fonts, Les (Sant Quirze Del Valles)",8194,,Vallès Occidental,Barcelona,Catalunya,ES,ES-B,,,,,
España,Sant Cugat Del Vallès,8195,,Vallès Occidental,Barcelona,Catalunya,ES,ES-B,,,,,
España,Sant Cugat Del Vallès,8196,,Vallès Occidental,Barcelona,Catalunya,ES,ES-B,,,,,
España,Sant Cugat Del Vallès,8197,,Vallès Occidental,Barcelona,Catalunya,ES,ES-B,,,,,
España,Sant Cugat Del Vallès,8198,,Vallès Occidental,Barcelona,Catalunya,ES,ES-B,,,,,
España,Montserrat,8199,,Bages,Barcelona,Catalunya,ES,ES-B,,,,,
España,Sabadell,8200,,Vallès Occidental,Barcelona,Catalunya,ES,ES-B,,,,,
España,Sabadell,8201,,Vallès Occidental,Barcelona,Catalunya,ES,ES-B,,,,,
España,Sabadell,8202,,Vallès Occidental,Barcelona,Catalunya,ES,ES-B,,,,,
España,Sabadell,8203,,Vallès Occidental,Barcelona,Catalunya,ES,ES-B,,,,,
España,Sabadell,8204,,Vallès Occidental,Barcelona,Catalunya,ES,ES-B,,,,,
España,Sabadell,8205,,Vallès Occidental,Barcelona,Catalunya,ES,ES-B,,,,,
España,Sabadell,8206,,Vallès Occidental,Barcelona,Catalunya,ES,ES-B,,,,,
España,Sabadell,8207,,Vallès Occidental,Barcelona,Catalunya,ES,ES-B,,,,,
España,Sabadell,8208,,Vallès Occidental,Barcelona,Catalunya,ES,ES-B,,,,,
España,Barberà Del Vallès,8210,,Vallès Occidental,Barcelona,Catalunya,ES,ES-B,,,,,
España,Santiga,8210,,Vallès Occidental,Barcelona,Catalunya,ES,ES-B,,,,,
España,Can Carner,8211,,Vallès Occidental,Barcelona,Catalunya,ES,ES-B,,,,,
España,Castellar Del Vallès,8211,,Vallès Occidental,Barcelona,Catalunya,ES,ES-B,,,,,
España,Pla De La Bruguera,8211,,Vallès Occidental,Barcelona,Catalunya,ES,ES-B,,,,,
España,Sant Feliu Del Racó,8211,,Vallès Occidental,Barcelona,Catalunya,ES,ES-B,,,,,
España,Sant Llorenç Savall,8212,,Vallès Occidental,Barcelona,Catalunya,ES,ES-B,,,,,
España,Polinyà,8213,,Vallès Occidental,Barcelona,Catalunya,ES,ES-B,,,,,
España,Badia Del Vallès,8214,,Vallès Occidental,Barcelona,Catalunya,ES,ES-B,,,,,
España,Terrassa,8220,,Vallès Occidental,Barcelona,Catalunya,ES,ES-B,,,,,
España,Terrassa,8221,,Vallès Occidental,Barcelona,Catalunya,ES,ES-B,,,,,
España,Terrassa,8222,,Vallès Occidental,Barcelona,Catalunya,ES,ES-B,,,,,
España,Terrassa,8223,,Vallès Occidental,Barcelona,Catalunya,ES,ES-B,,,,,
España,Terrassa,8224,,Vallès Occidental,Barcelona,Catalunya,ES,ES-B,,,,,
España,Terrassa,8225,,Vallès Occidental,Barcelona,Catalunya,ES,ES-B,,,,,
España,Terrassa,8226,,Vallès Occidental,Barcelona,Catalunya,ES,ES-B,,,,,
España,Terrassa,8227,,Vallès Occidental,Barcelona,Catalunya,ES,ES-B,,,,,
España,Torrebonica,8227,,Vallès Occidental,Barcelona,Catalunya,ES,ES-B,,,,,
España,Les Fonts (Terrassa),8228,,Vallès Occidental,Barcelona,Catalunya,ES,ES-B,,,,,
España,Terrassa,8228,,Vallès Occidental,Barcelona,Catalunya,ES,ES-B,,,,,
España,Matadepera,8230,,Vallès Occidental,Barcelona,Catalunya,ES,ES-B,,,,,
España,Les Pedritxes,8230,,Vallès Occidental,Barcelona,Catalunya,ES,ES-B,,,,,
España,Sant Llorenç (Matadepera),8230,,Vallès Occidental,Barcelona,Catalunya,ES,ES-B,,,,,
España,Ullastrell,8231,,Vallès Occidental,Barcelona,Catalunya,ES,ES-B,,,,,
España,Viladecavalls,8232,,Vallès Occidental,Barcelona,Catalunya,ES,ES-B,,,,,
España,Vacarisses,8233,,Vallès Occidental,Barcelona,Catalunya,ES,ES-B,,,,,
España,Manresa,8240,,Bages,Barcelona,Catalunya,ES,ES-B,,,,,
España,Manresa,8241,,Bages,Barcelona,Catalunya,ES,ES-B,,,,,
España,Manresa,8242,,Bages,Barcelona,Catalunya,ES,ES-B,,,,,
España,Manresa,8243,,Bages,Barcelona,Catalunya,ES,ES-B,,,,,
España,Manresa,8248,,Bages,Barcelona,Catalunya,ES,ES-B,,,,,
España,Sant Joan De Vilatorrada,8250,,Bages,Barcelona,Catalunya,ES,ES-B,,,,,
España,Sant Martí De Torroella,8250,,Bages,Barcelona,Catalunya,ES,ES-B,,,,,
España,Castellnou De Bages,8251,,Bages,Barcelona,Catalunya,ES,ES-B,,,,,
España,Santpedor,8251,,Bages,Barcelona,Catalunya,ES,ES-B,,,,,
España,Sant Salvador De Guardiola,8253,,Bages,Barcelona,Catalunya,ES,ES-B,,,,,
España,El Selleres,8253,,Bages,Barcelona,Catalunya,ES,ES-B,,,,,
España,El Pont De Vilomara I Rocafort,8254,,Bages,Barcelona,Catalunya,ES,ES-B,,,,,
España,Castellfollit Del Boix,8255,,Bages,Barcelona,Catalunya,ES,ES-B,,,,,
España,Maians,8255,,Bages,Barcelona,Catalunya,ES,ES-B,,,,,
España,Aguilar De Segarra,8256,,Bages,Barcelona,Catalunya,ES,ES-B,,,,,
España,Castellar,8256,,Bages,Barcelona,Catalunya,ES,ES-B,,,,,
España,Rajadell,8256,,Bages,Barcelona,Catalunya,ES,ES-B,,,,,
España,Camps,8259,,Bages,Barcelona,Catalunya,ES,ES-B,,,,,
España,Fals,8259,,Bages,Barcelona,Catalunya,ES,ES-B,,,,,
España,Fonollosa,8259,,Bages,Barcelona,Catalunya,ES,ES-B,,,,,
España,Viladordis,8259,,Bages,Barcelona,Catalunya,ES,ES-B,,,,,
España,Súria,8260,,Bages,Barcelona,Catalunya,ES,ES-B,,,,,
España,Cardona,8261,,Bages,Barcelona,Catalunya,ES,ES-B,,,,,
España,La Coromina,8261,,Bages,Barcelona,Catalunya,ES,ES-B,,,,,
España,Callús,8262,,Bages,Barcelona,Catalunya,ES,ES-B,,,,,
España,Castell-Tallat,8263,,Bages,Barcelona,Catalunya,ES,ES-B,,,,,
España,Coaner,8263,,Bages,Barcelona,Catalunya,ES,ES-B,,,,,
España,Sant Mateu De Bages,8263,,Bages,Barcelona,Catalunya,ES,ES-B,,,,,
España,La Colonia Valls,8269,,Bages,Barcelona,Catalunya,ES,ES-B,,,,,
España,El Pla De Torroella,8269,,Bages,Barcelona,Catalunya,ES,ES-B,,,,,
España,Saló,8269,,Bages,Barcelona,Catalunya,ES,ES-B,,,,,
España,Sant Salvador De Torroella,8269,,Bages,Barcelona,Catalunya,ES,ES-B,,,,,
España,Navarcles,8270,,Bages,Barcelona,Catalunya,ES,ES-B,,,,,
España,Artés,8271,,Bages,Barcelona,Catalunya,ES,ES-B,,,,,
España,El Pont De Cabrianes,8272,,Bages,Barcelona,Catalunya,ES,ES-B,,,,,
España,Sant Fruitós De Bages,8272,,Bages,Barcelona,Catalunya,ES,ES-B,,,,,
España,Santa Maria D'Oló,8273,,Bages,Barcelona,Catalunya,ES,ES-B,,,,,
España,Sant Feliu Sasserra,8274,,Bages,Barcelona,Catalunya,ES,ES-B,,,,,
España,Calders,8275,,Bages,Barcelona,Catalunya,ES,ES-B,,,,,
España,Monistrol De Calders,8275,,Bages,Barcelona,Catalunya,ES,ES-B,,,,,
España,Viladecavalls,8275,,Vallès Occidental,Barcelona,Catalunya,ES,ES-B,,,,,
España,Mura,8278,,Bages,Barcelona,Catalunya,ES,ES-B,,,,,
España,Talamanca,8278,,Bages,Barcelona,Catalunya,ES,ES-B,,,,,
España,Avinyó,8279,,Bages,Barcelona,Catalunya,ES,ES-B,,,,,
España,Santa Eugenia De Relat,8279,,Bages,Barcelona,Catalunya,ES,ES-B,,,,,
España,Calaf,8280,,Anoia,Barcelona,Catalunya,ES,ES-B,,,,,
España,Calonge De Segarra,8281,,Anoia,Barcelona,Catalunya,ES,ES-B,,,,,
España,Castellfollit De Riubregos,8281,,Anoia,Barcelona,Catalunya,ES,ES-B,,,,,
España,Copons,8281,,Anoia,Barcelona,Catalunya,ES,ES-B,,,,,
España,"Coromines, Les (Aguilar De Segarra)",8281,,Anoia,Barcelona,Catalunya,ES,ES-B,,,,,
España,Els Prats Del Rei,8281,,Anoia,Barcelona,Catalunya,ES,ES-B,,,,,
España,Sant Pere De L'Ars,8281,,Anoia,Barcelona,Catalunya,ES,ES-B,,,,,
España,Sant Pere Sallavinera,8281,,Anoia,Barcelona,Catalunya,ES,ES-B,,,,,
España,Pujalt,8282,,Anoia,Barcelona,Catalunya,ES,ES-B,,,,,
España,Sant Marti Sesgueioles,8282,,Anoia,Barcelona,Catalunya,ES,ES-B,,,,,
España,Cerdanyola Del Vallès,8290,,Vallès Occidental,Barcelona,Catalunya,ES,ES-B,,,,,
España,Ripollet,8291,,Vallès Occidental,Barcelona,Catalunya,ES,ES-B,,,,,
España,La Colonia Sedó,8292,,Baix Llobregat,Barcelona,Catalunya,ES,ES-B,,,,,
España,Esparreguera,8292,,Baix Llobregat,Barcelona,Catalunya,ES,ES-B,,,,,
España,Collbató,8293,,Baix Llobregat,Barcelona,Catalunya,ES,ES-B,,,,,
España,El Bruc,8294,,Anoia,Barcelona,Catalunya,ES,ES-B,,,,,
España,Sant Pau De La Guàrdia,8294,,Anoia,Barcelona,Catalunya,ES,ES-B,,,,,
España,Sant Vicenç De Castellet,8295,,Bages,Barcelona,Catalunya,ES,ES-B,,,,,
España,Can Serra I Pedro,8296,,Bages,Barcelona,Catalunya,ES,ES-B,,,,,
España,Castellbell I El Vilar,8296,,Bages,Barcelona,Catalunya,ES,ES-B,,,,,
España,Sant Cristòfol,8296,,Bages,Barcelona,Catalunya,ES,ES-B,,,,,
España,Castellgalí,8297,,Bages,Barcelona,Catalunya,ES,ES-B,,,,,
España,Marganell,8298,,Bages,Barcelona,Catalunya,ES,ES-B,,,,,
España,Rellinars,8299,,Vallès Occidental,Barcelona,Catalunya,ES,ES-B,,,,,
España,Mataró,8300,,Maresme,Barcelona,Catalunya,ES,ES-B,,,,,
España,Mataró,8301,,Maresme,Barcelona,Catalunya,ES,ES-B,,,,,
España,Mataró,8302,,Maresme,Barcelona,Catalunya,ES,ES-B,,,,,
España,Mataró,8303,,Maresme,Barcelona,Catalunya,ES,ES-B,,,,,
España,Mataró,8304,,Maresme,Barcelona,Catalunya,ES,ES-B,,,,,
España,Argentona,8310,,Maresme,Barcelona,Catalunya,ES,ES-B,,,,,
España,Òrrius,8317,,Maresme,Barcelona,Catalunya,ES,ES-B,,,,,
España,Canyamars,8318,,Maresme,Barcelona,Catalunya,ES,ES-B,,,,,
España,Dosrius,8319,,Maresme,Barcelona,Catalunya,ES,ES-B,,,,,
España,Masnou,8320,,Maresme,Barcelona,Catalunya,ES,ES-B,,,,,
España,Alella,8328,,Maresme,Barcelona,Catalunya,ES,ES-B,,,,,
España,Teià,8329,,Maresme,Barcelona,Catalunya,ES,ES-B,,,,,
España,Premià De Mar,8330,,Maresme,Barcelona,Catalunya,ES,ES-B,,,,,
España,Premià De Dalt,8338,,Maresme,Barcelona,Catalunya,ES,ES-B,,,,,
España,Vilassar De Dalt,8339,,Maresme,Barcelona,Catalunya,ES,ES-B,,,,,
España,Vilassar De Mar,8340,,Maresme,Barcelona,Catalunya,ES,ES-B,,,,,
España,Cabrils,8348,,Maresme,Barcelona,Catalunya,ES,ES-B,,,,,
España,Cabrera De Mar,8349,,Maresme,Barcelona,Catalunya,ES,ES-B,,,,,
España,Arenys De Mar,8350,,Maresme,Barcelona,Catalunya,ES,ES-B,,,,,
España,Arenys De Munt,8358,,Maresme,Barcelona,Catalunya,ES,ES-B,,,,,
España,Collsacreu (Vallgorguina),8358,,Maresme,Barcelona,Catalunya,ES,ES-B,,,,,
España,Sant Iscle De Vallalta,8359,,Maresme,Barcelona,Catalunya,ES,ES-B,,,,,
España,Canet De Mar,8360,,Maresme,Barcelona,Catalunya,ES,ES-B,,,,,
España,Calella,8370,,Maresme,Barcelona,Catalunya,ES,ES-B,,,,,
España,Malgrat De Mar,8380,,Maresme,Barcelona,Catalunya,ES,ES-B,,,,,
España,Palafolls,8389,,Maresme,Barcelona,Catalunya,ES,ES-B,,,,,
España,Sant Genís De Palafolls,8389,,Maresme,Barcelona,Catalunya,ES,ES-B,,,,,
España,Montgat,8390,,Maresme,Barcelona,Catalunya,ES,ES-B,,,,,
España,Tiana,8391,,Maresme,Barcelona,Catalunya,ES,ES-B,,,,,
España,Sant Andreu De Llavaneres,8392,,Maresme,Barcelona,Catalunya,ES,ES-B,,,,,
España,Caldes D'Estrac,8393,,Maresme,Barcelona,Catalunya,ES,ES-B,,,,,
España,Sant Vicenç De Montalt,8394,,Maresme,Barcelona,Catalunya,ES,ES-B,,,,,
España,Sant Pol De Mar,8395,,Maresme,Barcelona,Catalunya,ES,ES-B,,,,,
España,Sant Cebria De Vallalta,8396,,Maresme,Barcelona,Catalunya,ES,ES-B,,,,,
España,Pineda De Mar,8397,,Maresme,Barcelona,Catalunya,ES,ES-B,,,,,
España,Santa Susanna,8398,,Maresme,Barcelona,Catalunya,ES,ES-B,,,,,
España,Granollers,8400,,Vallès Oriental,Barcelona,Catalunya,ES,ES-B,,,,,
España,Granollers,8401,,Vallès Oriental,Barcelona,Catalunya,ES,ES-B,,,,,
España,Granollers,8402,,Vallès Oriental,Barcelona,Catalunya,ES,ES-B,,,,,
España,Granollers,8403,,Vallès Oriental,Barcelona,Catalunya,ES,ES-B,,,,,
España,Granollers,8404,,Vallès Oriental,Barcelona,Catalunya,ES,ES-B,,,,,
España,Valldoriolf,8410,,Vallès Oriental,Barcelona,Catalunya,ES,ES-B,,,,,
España,Vilanova Del Vallès,8410,,Vallès Oriental,Barcelona,Catalunya,ES,ES-B,,,,,
España,Bigues I Riells,8415,,Vallès Oriental,Barcelona,Catalunya,ES,ES-B,,,,,
España,Riells Del Fai,8416,,Vallès Oriental,Barcelona,Catalunya,ES,ES-B,,,,,
España,Barriada Nova,8420,,Vallès Oriental,Barcelona,Catalunya,ES,ES-B,,,,,
España,Can Diviu,8420,,Vallès Oriental,Barcelona,Catalunya,ES,ES-B,,,,,
España,Can Duran,8420,,Vallès Oriental,Barcelona,Catalunya,ES,ES-B,,,,,
España,Canovelles,8420,,Vallès Oriental,Barcelona,Catalunya,ES,ES-B,,,,,
España,Roca Del Vallès,8430,,Vallès Oriental,Barcelona,Catalunya,ES,ES-B,,,,,
España,Santa Agnes De Malanyanes,8430,,Vallès Oriental,Barcelona,Catalunya,ES,ES-B,,,,,
España,Cardedeu,8440,,Vallès Oriental,Barcelona,Catalunya,ES,ES-B,,,,,
España,Cànoves,8445,,Vallès Oriental,Barcelona,Catalunya,ES,ES-B,,,,,
España,Samalús,8445,,Vallès Oriental,Barcelona,Catalunya,ES,ES-B,,,,,
España,Collsabadell,8450,,Vallès Oriental,Barcelona,Catalunya,ES,ES-B,,,,,
España,Llinars Del Vallès,8450,,Vallès Oriental,Barcelona,Catalunya,ES,ES-B,,,,,
España,Sanata (Llinars Del Valles),8450,,Vallès Oriental,Barcelona,Catalunya,ES,ES-B,,,,,
España,Canada Park (Vallgorguina),8455,,Vallès Oriental,Barcelona,Catalunya,ES,ES-B,,,,,
España,Vilalba Sasserra,8455,,Vallès Oriental,Barcelona,Catalunya,ES,ES-B,,,,,
España,Sant Pere De Vilamajor,8458,,Vallès Oriental,Barcelona,Catalunya,ES,ES-B,,,,,
España,Sant Antoni De Vilamajor,8459,,Vallès Oriental,Barcelona,Catalunya,ES,ES-B,,,,,
España,La Costa Del Montseny,8460,,Vallès Oriental,Barcelona,Catalunya,ES,ES-B,,,,,
España,Montseny,8460,,Vallès Oriental,Barcelona,Catalunya,ES,ES-B,,,,,
España,Santa Maria De Palautordera,8460,,Vallès Oriental,Barcelona,Catalunya,ES,ES-B,,,,,
España,Sant Esteve De Palautordera,8461,,Vallès Oriental,Barcelona,Catalunya,ES,ES-B,,,,,
España,Campins,8470,,Vallès Oriental,Barcelona,Catalunya,ES,ES-B,,,,,
España,Fogars De Montclús,8470,,Vallès Oriental,Barcelona,Catalunya,ES,ES-B,,,,,
España,Moixerigues (Santa Maria De Palautordera),8470,,Vallès Oriental,Barcelona,Catalunya,ES,ES-B,,,,,
España,Mosqueroles,8470,,Vallès Oriental,Barcelona,Catalunya,ES,ES-B,,,,,
España,Olzinelles,8470,,Vallès Oriental,Barcelona,Catalunya,ES,ES-B,,,,,
España,Pertegàs,8470,,Vallès Oriental,Barcelona,Catalunya,ES,ES-B,,,,,
España,Pont Trencat (Santa Maria De Palautordera),8470,,Vallès Oriental,Barcelona,Catalunya,ES,ES-B,,,,,
España,Sant Celoni,8470,,Vallès Oriental,Barcelona,Catalunya,ES,ES-B,,,,,
España,"Temple,El (Santa Maria De Palautordera)",8470,,Vallès Oriental,Barcelona,Catalunya,ES,ES-B,,,,,
España,Vallgorguina,8470,,Vallès Oriental,Barcelona,Catalunya,ES,ES-B,,,,,
España,"Virgili,El (Santa Maria De Palautordera)",8470,,Vallès Oriental,Barcelona,Catalunya,ES,ES-B,,,,,
España,Gualba,8474,,Vallès Oriental,Barcelona,Catalunya,ES,ES-B,,,,,
España,Batlloria,8476,,Vallès Oriental,Barcelona,Catalunya,ES,ES-B,,,,,
España,Ametlla Del Vallés,8480,,Vallès Oriental,Barcelona,Catalunya,ES,ES-B,,,,,
España,El Pinar I El Portus,8480,,Vallès Oriental,Barcelona,Catalunya,ES,ES-B,,,,,
España,Tordera,8490,,Maresme,Barcelona,Catalunya,ES,ES-B,,,,,
España,Fogars De La Selva,8495,,Selva,Barcelona,Catalunya,ES,ES-B,,,,,
España,Vic,8500,,Osona,Barcelona,Catalunya,ES,ES-B,,,,,
España,Gurb,8503,,Osona,Barcelona,Catalunya,ES,ES-B,,,,,
España,Sant Julià De Vilatorta,8504,,Osona,Barcelona,Catalunya,ES,ES-B,,,,,
España,Muntanyola,8505,,Osona,Barcelona,Catalunya,ES,ES-B,,,,,
España,Santa Eulàlia De Riuprimer,8505,,Osona,Barcelona,Catalunya,ES,ES-B,,,,,
España,Sentfores,8505,,Osona,Barcelona,Catalunya,ES,ES-B,,,,,
España,Calldetenes,8506,,Osona,Barcelona,Catalunya,ES,ES-B,,,,,
España,Santa Eugènia De Berga,8507,,Osona,Barcelona,Catalunya,ES,ES-B,,,,,
España,Can Bondia,8508,,Osona,Barcelona,Catalunya,ES,ES-B,,,,,
España,La Gleva,8508,,Osona,Barcelona,Catalunya,ES,ES-B,,,,,
España,Les Masies De Voltregà (La Gleva),8508,,Osona,Barcelona,Catalunya,ES,ES-B,,,,,
España,Les Quintanes,8508,,Osona,Barcelona,Catalunya,ES,ES-B,,,,,
España,Santa Cecília De Voltregà,8508,,Osona,Barcelona,Catalunya,ES,ES-B,,,,,
España,La Colonia La Cambra,8509,,Osona,Barcelona,Catalunya,ES,ES-B,,,,,
España,Les Masies De Voltrega (Vinyoles D'Oris),8509,,Osona,Barcelona,Catalunya,ES,ES-B,,,,,
España,Sant Miquel D'Ordeig,8509,,Osona,Barcelona,Catalunya,ES,ES-B,,,,,
España,Vinyoles D'Oris,8509,,Osona,Barcelona,Catalunya,ES,ES-B,,,,,
España,Les Masies De Roda,8510,,Osona,Barcelona,Catalunya,ES,ES-B,,,,,
España,Roda De Ter,8510,,Osona,Barcelona,Catalunya,ES,ES-B,,,,,
España,Santa Maria De Corcó,8511,,Osona,Barcelona,Catalunya,ES,ES-B,,,,,
España,Tavertet,8511,,Osona,Barcelona,Catalunya,ES,ES-B,,,,,
España,Sant Hipòlit De Voltregà,8512,,Osona,Barcelona,Catalunya,ES,ES-B,,,,,
España,Prats De Lluçanès,8513,,Osona,Barcelona,Catalunya,ES,ES-B,,,,,
España,Lluçà,8514,,Osona,Barcelona,Catalunya,ES,ES-B,,,,,
España,Santa Eulàlia De Puig-Oriol,8514,,Osona,Barcelona,Catalunya,ES,ES-B,,,,,
España,Sant Martí D'Albars,8515,,Osona,Barcelona,Catalunya,ES,ES-B,,,,,
España,Santa Creu De Jotglar,8515,,Osona,Barcelona,Catalunya,ES,ES-B,,,,,
España,Olost,8516,,Osona,Barcelona,Catalunya,ES,ES-B,,,,,
España,La Guàrdia,8517,,Berguedà,Barcelona,Catalunya,ES,ES-B,,,,,
España,Sagàs,8517,,Berguedà,Barcelona,Catalunya,ES,ES-B,,,,,
España,Santa Maria De Merles,8517,,Berguedà,Barcelona,Catalunya,ES,ES-B,,,,,
España,Oristà,8518,,Osona,Barcelona,Catalunya,ES,ES-B,,,,,
España,La Torre D'Oristà,8518,,Osona,Barcelona,Catalunya,ES,ES-B,,,,,
España,Folgueroles,8519,,Osona,Barcelona,Catalunya,ES,ES-B,,,,,
España,Malla,8519,,Osona,Barcelona,Catalunya,ES,ES-B,,,,,
España,Sant Bartomeu Del Grau,8519,,Osona,Barcelona,Catalunya,ES,ES-B,,,,,
España,Sant Sadurní D'Osomort,8519,,Osona,Barcelona,Catalunya,ES,ES-B,,,,,
España,Tavèrnoles,8519,,Osona,Barcelona,Catalunya,ES,ES-B,,,,,
España,Vilanova De Sau,8519,,Osona,Barcelona,Catalunya,ES,ES-B,,,,,
España,Corró D'Amunt,8520,,Vallès Oriental,Barcelona,Catalunya,ES,ES-B,,,,,
España,Corro D'Avall,8520,,Vallès Oriental,Barcelona,Catalunya,ES,ES-B,,,,,
España,Les Franqueses Del Vallès,8520,,Vallès Oriental,Barcelona,Catalunya,ES,ES-B,,,,,
España,Llerona,8520,,Vallès Oriental,Barcelona,Catalunya,ES,ES-B,,,,,
España,Marata,8520,,Vallès Oriental,Barcelona,Catalunya,ES,ES-B,,,,,
España,Bellavista,8521,,Vallès Oriental,Barcelona,Catalunya,ES,ES-B,,,,,
España,La Garriga,8530,,Vallès Oriental,Barcelona,Catalunya,ES,ES-B,,,,,
España,Centelles,8540,,Osona,Barcelona,Catalunya,ES,ES-B,,,,,
España,Els Hostalets De Balenyà,8550,,Osona,Barcelona,Catalunya,ES,ES-B,,,,,
España,Tona,8551,,Osona,Barcelona,Catalunya,ES,ES-B,,,,,
España,El Gurri,8552,,Osona,Barcelona,Catalunya,ES,ES-B,,,,,
España,Taradell,8552,,Osona,Barcelona,Catalunya,ES,ES-B,,,,,
España,El Brull,8553,,Osona,Barcelona,Catalunya,ES,ES-B,,,,,
España,Sant Jaume De Viladrover,8553,,Osona,Barcelona,Catalunya,ES,ES-B,,,,,
España,Seva,8553,,Osona,Barcelona,Catalunya,ES,ES-B,,,,,
España,Sant Miquel De Balenya - Seva,8554,,Osona,Barcelona,Catalunya,ES,ES-B,,,,,
España,Manlleu,8560,,Osona,Barcelona,Catalunya,ES,ES-B,,,,,
España,Cantonigros,8569,,Osona,Barcelona,Catalunya,ES,ES-B,,,,,
España,Pruit,8569,,Osona,Barcelona,Catalunya,ES,ES-B,,,,,
España,Rupit,8569,,Osona,Barcelona,Catalunya,ES,ES-B,,,,,
España,Sant Marti Sescorts,8569,,Osona,Barcelona,Catalunya,ES,ES-B,,,,,
España,Torelló,8570,,Osona,Barcelona,Catalunya,ES,ES-B,,,,,
España,Borgonya,8571,,Osona,Barcelona,Catalunya,ES,ES-B,,,,,
España,Sant Vicenç De Torelló,8571,,Osona,Barcelona,Catalunya,ES,ES-B,,,,,
España,Sant Andreu De La Vola,8572,,Osona,Barcelona,Catalunya,ES,ES-B,,,,,
España,Sant Pere De Torelló,8572,,Osona,Barcelona,Catalunya,ES,ES-B,,,,,
España,La Mambla,8573,,Osona,Barcelona,Catalunya,ES,ES-B,,,,,
España,Orís,8573,,Osona,Barcelona,Catalunya,ES,ES-B,,,,,
España,Saderra,8573,,Osona,Barcelona,Catalunya,ES,ES-B,,,,,
España,Sant Quirze De Besora,8580,,Osona,Barcelona,Catalunya,ES,ES-B,,,,,
España,Santa Maria De Besora,8584,,Osona,Barcelona,Catalunya,ES,ES-B,,,,,
España,La Farga De Bebie,8585,,Osona,Barcelona,Catalunya,ES,ES-B,,,,,
España,Montesquiu,8585,,Osona,Barcelona,Catalunya,ES,ES-B,,,,,
España,Sant Agustí De Lluçanès,8586,,Osona,Barcelona,Catalunya,ES,ES-B,,,,,
España,Alpens,8587,,Osona,Barcelona,Catalunya,ES,ES-B,,,,,
España,Sora,8588,,Osona,Barcelona,Catalunya,ES,ES-B,,,,,
España,Perafita,8589,,Osona,Barcelona,Catalunya,ES,ES-B,,,,,
España,Sant Boi De Lluçanès,8589,,Osona,Barcelona,Catalunya,ES,ES-B,,,,,
España,Sobremunt,8589,,Osona,Barcelona,Catalunya,ES,ES-B,,,,,
España,Figaró-Montmany,8590,,Vallès Oriental,Barcelona,Catalunya,ES,ES-B,,,,,
España,Figaró-Montmany,8590,,Vallès Oriental,Barcelona,Catalunya,ES,ES-B,,,,,
España,Aiguafreda,8591,,Vallès Oriental,Barcelona,Catalunya,ES,ES-B,,,,,
España,L'Abella,8592,,Osona,Barcelona,Catalunya,ES,ES-B,,,,,
España,Sant Martí De Centelles,8592,,Osona,Barcelona,Catalunya,ES,ES-B,,,,,
España,Tagamanent,8593,,Vallès Oriental,Barcelona,Catalunya,ES,ES-B,,,,,
España,Berga,8600,,Berguedà,Barcelona,Catalunya,ES,ES-B,,,,,
España,Avià,8610,,Berguedà,Barcelona,Catalunya,ES,ES-B,,,,,
España,Grauges,8610,,Berguedà,Barcelona,Catalunya,ES,ES-B,,,,,
España,Obiols,8610,,berguedà,Barcelona,Catalunya,ES,ES-B,,,,,
España,Olvan,8611,,Berguedà,Barcelona,Catalunya,ES,ES-B,,,,,
España,Montmajor,8612,,Berguedà,Barcelona,Catalunya,ES,ES-B,,,,,
España,Vilada,8613,,Berguedà,Barcelona,Catalunya,ES,ES-B,,,,,
España,Espunyola,8614,,Berguedà,Barcelona,Catalunya,ES,ES-B,,,,,
España,Montclar,8614,,Berguedà,Barcelona,Catalunya,ES,ES-B,,,,,
España,Borredà,8619,,Berguedà,Barcelona,Catalunya,ES,ES-B,,,,,
España,Capolat,8619,,Berguedà,Barcelona,Catalunya,ES,ES-B,,,,,
España,Castell De L'Areny,8619,,Berguedà,Barcelona,Catalunya,ES,ES-B,,,,,
España,Castellar Del Riu,8619,,Berguedà,Barcelona,Catalunya,ES,ES-B,,,,,
España,Llinars (Castellar Del Riu),8619,,Berguedà,Barcelona,Catalunya,ES,ES-B,,,,,
España,Quar,8619,,Berguedà,Barcelona,Catalunya,ES,ES-B,,,,,
España,Sant Jaume De Frontanyà,8619,,Berguedà,Barcelona,Catalunya,ES,ES-B,,,,,
España,Sant Vicenç Dels Horts,8620,,Baix Llobregat,Barcelona,Catalunya,ES,ES-B,,,,,
España,Torrelles De Llobregat,8629,,Baix Llobregat,Barcelona,Catalunya,ES,ES-B,,,,,
España,Abrera,8630,,Baix Llobregat,Barcelona,Catalunya,ES,ES-B,,,,,
España,Santa Maria De Vilalba,8630,,baix Llobregat,Barcelona,Catalunya,ES,ES-B,,,,,
España,Sant Esteve Sesrovires,8635,,Baix Llobregat,Barcelona,Catalunya,ES,ES-B,,,,,
España,Olesa De Montserrat,8640,,Baix Llobregat,Barcelona,Catalunya,ES,ES-B,,,,,
España,La Botjosa,8650,,Bages,Barcelona,Catalunya,ES,ES-B,,,,,
España,Cabrianes,8650,,Bages,Barcelona,Catalunya,ES,ES-B,,,,,
España,Cornet,8650,,Bages,Barcelona,Catalunya,ES,ES-B,,,,,
España,Sallent,8650,,Bages,Barcelona,Catalunya,ES,ES-B,,,,,
España,Balsareny,8660,,Bages,Barcelona,Catalunya,ES,ES-B,,,,,
España,Navàs,8670,,Bages,Barcelona,Catalunya,ES,ES-B,,,,,
España,Castelladral,8671,,Bages,Barcelona,Catalunya,ES,ES-B,,,,,
España,Ametlla De Merola,8672,,Bages,Barcelona,Catalunya,ES,ES-B,,,,,
España,Gaià,8672,,Bages,Barcelona,Catalunya,ES,ES-B,,,,,
España,Galera,8672,,Montsià,Barcelona,Catalunya,ES,ES-B,,,,,
España,Viver I Serrateix,8673,,Berguedà,Barcelona,Catalunya,ES,ES-B,,,,,
España,Sant Joan De Montdarn,8679,,Berguedà,Barcelona,Catalunya,ES,ES-B,,,,,
España,Els Bassacs,8680,,Berguedà,Barcelona,Catalunya,ES,ES-B,,,,,
España,Gironella,8680,,Berguedà,Barcelona,Catalunya,ES,ES-B,,,,,
España,El Guixaro,8680,,Berguedà,Barcelona,Catalunya,ES,ES-B,,,,,
España,Viladomiu Nou,8680,,Berguedà,Barcelona,Catalunya,ES,ES-B,,,,,
España,Viladomiu Vell,8680,,Berguedà,Barcelona,Catalunya,ES,ES-B,,,,,
España,Santa Coloma De Cervelló,8690,,Baix Llobregat,Barcelona,Catalunya,ES,ES-B,,,,,
España,Monistrol De Montserrat,8691,,Bages,Barcelona,Catalunya,ES,ES-B,,,,,
España,Can Marçal,8692,,Berguedà,Barcelona,Catalunya,ES,ES-B,,,,,
España,Can Ponç,8692,,Berguedà,Barcelona,Catalunya,ES,ES-B,,,,,
España,Can Vidal,8692,,Berguedà,Barcelona,Catalunya,ES,ES-B,,,,,
España,Puig-Reig,8692,,Berguedà,Barcelona,Catalunya,ES,ES-B,,,,,
España,Casserres,8693,,Berguedà,Barcelona,Catalunya,ES,ES-B,,,,,
España,Guardiola De Berguedà,8694,,Berguedà,Barcelona,Catalunya,ES,ES-B,,,,,
España,Sant Julià De Cerdanyola,8694,,Berguedà,Barcelona,Catalunya,ES,ES-B,,,,,
España,Bagà,8695,,Berguedà,Barcelona,Catalunya,ES,ES-B,,,,,
España,Gisclareny,8695,,Berguedà,Barcelona,Catalunya,ES,ES-B,,,,,
España,Castellar De N'Hug,8696,,Berguedà,Barcelona,Catalunya,ES,ES-B,,,,,
España,La Pobla De Lillet,8696,,Berguedà,Barcelona,Catalunya,ES,ES-B,,,,,
España,Saldes,8697,,Berguedà,Barcelona,Catalunya,ES,ES-B,,,,,
España,Cercs,8698,,Berguedà,Barcelona,Catalunya,ES,ES-B,,,,,
España,Fígols,8698,,Berguedà,Barcelona,Catalunya,ES,ES-B,,,,,
España,La Nou De Berguedà,8698,,Berguedà,Barcelona,Catalunya,ES,ES-B,,,,,
España,Sant Corneli,8698,,Berguedà,Barcelona,Catalunya,ES,ES-B,,,,,
España,Sant Jordi De Cercs,8698,,Berguedà,Barcelona,Catalunya,ES,ES-B,,,,,
España,La Colonia Rosal,8699,,Berguedà,Barcelona,Catalunya,ES,ES-B,,,,,
España,Vallcebre,8699,,Berguedà,Barcelona,Catalunya,ES,ES-B,,,,,
España,Igualada,8700,,Anoia,Barcelona,Catalunya,ES,ES-B,,,,,
España,Santa Margarida De Montbui,8710,,Anoia,Barcelona,Catalunya,ES,ES-B,,,,,
España,Santa Margarida De Montbui A-Antiguo,8710,,Anoia,Barcelona,Catalunya,ES,ES-B,,,,,
España,L'Espelt,8711,,Anoia,Barcelona,Catalunya,ES,ES-B,,,,,
España,Òdena,8711,,Anoia,Barcelona,Catalunya,ES,ES-B,,,,,
España,El Raval D'Aguilera,8711,,Anoia,Barcelona,Catalunya,ES,ES-B,,,,,
España,Sant Martí De Tous,8712,,Anoia,Barcelona,Catalunya,ES,ES-B,,,,,
España,Argençola,8717,,Anoia,Barcelona,Catalunya,ES,ES-B,,,,,
España,Carbasi,8717,,Anoia,Barcelona,Catalunya,ES,ES-B,,,,,
España,Montmaneu,8717,,Anoia,Barcelona,Catalunya,ES,ES-B,,,,,
España,La Panadella,8717,,Anoia,Barcelona,Catalunya,ES,ES-B,,,,,
España,Cabrera D'Igualada,8718,,Anoia,Barcelona,Catalunya,ES,ES-B,,,,,
España,Canaletes,8718,,Anoia,Barcelona,Catalunya,ES,ES-B,,,,,
España,Castellolí,8719,,Anoia,Barcelona,Catalunya,ES,ES-B,,,,,
España,Jorba,8719,,Anoia,Barcelona,Catalunya,ES,ES-B,,,,,
España,Rubio,8719,,Anoia,Barcelona,Catalunya,ES,ES-B,,,,,
España,Sant Genis (Jorba),8719,,Anoia,Barcelona,Catalunya,ES,ES-B,,,,,
España,Moli D'En Rovira,8720,,Alt Penedès,Barcelona,Catalunya,ES,ES-B,,,,,
España,Perepau,8720,,Alt Penedès,Barcelona,Catalunya,ES,ES-B,,,,,
España,Les Salines,8720,,Alt Penedès,Barcelona,Catalunya,ES,ES-B,,,,,
España,Vilafranca Del Penedès,8720,,Alt Penedès,Barcelona,Catalunya,ES,ES-B,,,,,
España,"Casetes, Les (Castellet I La Gornal)",8729,,Alt Penedès,Barcelona,Catalunya,ES,ES-B,,,,,
España,Castellet I La Gornal,8729,,Alt Penedès,Barcelona,Catalunya,ES,ES-B,,,,,
España,Clariana (Castellet I La Gornal),8729,,Alt Penedès,Barcelona,Catalunya,ES,ES-B,,,,,
España,"Masuques, Les",8729,,Alt Penedès,Barcelona,Catalunya,ES,ES-B,,,,,
España,Torrelletes,8729,,Alt Penedès,Barcelona,Catalunya,ES,ES-B,,,,,
España,Cal Rubio,8730,,Alt Penedès,Barcelona,Catalunya,ES,ES-B,,,,,
España,Cal Salines,8730,,Alt Penedès,Barcelona,Catalunya,ES,ES-B,,,,,
España,La Ràpita,8730,,Alt Penedès,Barcelona,Catalunya,ES,ES-B,,,,,
España,Santa Margarida I Els Monjos,8730,,Alt Penedès,Barcelona,Catalunya,ES,ES-B,,,,,
España,La Bleda,8731,,Alt Penedès,Barcelona,Catalunya,ES,ES-B,,,,,
España,Sant Martí Sarroca,8731,,Alt Penedès,Barcelona,Catalunya,ES,ES-B,,,,,
España,Les Cases Noves De Cal Marquès,8732,,Alt Penedès,Barcelona,Catalunya,ES,ES-B,,,,,
España,Castellví De La Marca,8732,,Alt Penedès,Barcelona,Catalunya,ES,ES-B,,,,,
España,Conilleres,8732,,Alt Penedès,Barcelona,Catalunya,ES,ES-B,,,,,
España,El Maset Dels Cosins,8732,,Alt Penedès,Barcelona,Catalunya,ES,ES-B,,,,,
España,La Munia,8732,,Alt Penedès,Barcelona,Catalunya,ES,ES-B,,,,,
España,Ratera,8732,,Alt Penedès,Barcelona,Catalunya,ES,ES-B,,,,,
España,Sant Marçal,8732,,Alt Penedès,Barcelona,Catalunya,ES,ES-B,,,,,
España,Bonavista,8733,,Alt Penedès,Barcelona,Catalunya,ES,ES-B,,,,,
España,Ca L'Avi,8733,,Alt Penedès,Barcelona,Catalunya,ES,ES-B,,,,,
España,Pla Del Penedès,8733,,Alt Penedès,Barcelona,Catalunya,ES,ES-B,,,,,
España,L'Arboçar,8734,,Alt Penedès,Barcelona,Catalunya,ES,ES-B,,,,,
España,Moja,8734,,Alt Penedès,Barcelona,Catalunya,ES,ES-B,,,,,
España,Olerdola,8734,,Alt Penedès,Barcelona,Catalunya,ES,ES-B,,,,,
España,Viladellops,8734,,Alt Penedès,Barcelona,Catalunya,ES,ES-B,,,,,
España,Bellver,8735,,Alt Penedès,Barcelona,Catalunya,ES,ES-B,,,,,
España,Vilobí Del Penedès,8735,,Alt Penedès,Barcelona,Catalunya,ES,ES-B,,,,,
España,"Alzinar, L",8736,,Alt Penedès,Barcelona,Catalunya,ES,ES-B,,,,,
España,Les Cases Noves,8736,,Alt Penedès,Barcelona,Catalunya,ES,ES-B,,,,,
España,La Fanga,8736,,Alt Penedès,Barcelona,Catalunya,ES,ES-B,,,,,
España,Font-Rubí,8736,,Alt Penedès,Barcelona,Catalunya,ES,ES-B,,,,,
España,Guardiola De Font-Rubí,8736,,Alt Penedès,Barcelona,Catalunya,ES,ES-B,,,,,
España,Torrelles De Foix,8737,,Alt Penedès,Barcelona,Catalunya,ES,ES-B,,,,,
España,Pontons,8738,,Alt Penedès,Barcelona,Catalunya,ES,ES-B,,,,,
España,Can Bosc,8739,,Alt Penedès,Barcelona,Catalunya,ES,ES-B,,,,,
España,Can Cartro,8739,,Alt Penedès,Barcelona,Catalunya,ES,ES-B,,,,,
España,Can Rossell,8739,,Alt Penedès,Barcelona,Catalunya,ES,ES-B,,,,,
España,Cantallops (Subirats),8739,,Alt Penedès,Barcelona,Catalunya,ES,ES-B,,,,,
España,"Casots, Els",8739,,Alt Penedès,Barcelona,Catalunya,ES,ES-B,,,,,
España,Lavern,8739,,Alt Penedès,Barcelona,Catalunya,ES,ES-B,,,,,
España,Ordal,8739,,Alt Penedès,Barcelona,Catalunya,ES,ES-B,,,,,
España,El Pago,8739,,Alt Penedès,Barcelona,Catalunya,ES,ES-B,,,,,
España,Sant Pau D'Ordal,8739,,Alt Penedès,Barcelona,Catalunya,ES,ES-B,,,,,
España,Subirats,8739,,Alt Penedès,Barcelona,Catalunya,ES,ES-B,,,,,
España,Sant Andreu De La Barca,8740,,Baix Llobregat,Barcelona,Catalunya,ES,ES-B,,,,,
España,Molins De Rei,8750,,Baix Llobregat,Barcelona,Catalunya,ES,ES-B,,,,,
España,Sant Bartomeu De La Quadra,8750,,Baix Llobregat,Barcelona,Catalunya,ES,ES-B,,,,,
España,Santa Creu D'Olorda,8750,,Baix Llobregat,Barcelona,Catalunya,ES,ES-B,,,,,
España,Vallpineda,8750,,Baix Llobregat,Barcelona,Catalunya,ES,ES-B,,,,,
España,Fontpineda,8753,,Baix Llobregat,Barcelona,Catalunya,ES,ES-B,,,,,
España,Papiol,8754,,Baix Llobregat,Barcelona,Catalunya,ES,ES-B,,,,,
España,Castellbisbal,8755,,Vallès Occidental,Barcelona,Catalunya,ES,ES-B,,,,,
España,La Palma,8756,,Baix Llobregat,Barcelona,Catalunya,ES,ES-B,,,,,
España,Corbera De Baix,8757,,Baix Llobregat,Barcelona,Catalunya,ES,ES-B,,,,,
España,Corbera De Llobregat,8757,,Baix Llobregat,Barcelona,Catalunya,ES,ES-B,,,,,
España,Safari,8757,,Baix Llobregat,Barcelona,Catalunya,ES,ES-B,,,,,
España,Cervelló,8758,,Baix Llobregat,Barcelona,Catalunya,ES,ES-B,,,,,
España,Vallirana,8759,,Baix Llobregat,Barcelona,Catalunya,ES,ES-B,,,,,
España,Martorell,8760,,Baix Llobregat,Barcelona,Catalunya,ES,ES-B,,,,,
España,Costablanca (Castellbisbal),8761,,Vallès Occidental,Barcelona,Catalunya,ES,ES-B,,,,,
España,Castellví De Rosanes,8769,,Baix Llobregat,Barcelona,Catalunya,ES,ES-B,,,,,
España,Can Benet De La Prua,8770,,Alt Penedès,Barcelona,Catalunya,ES,ES-B,,,,,
España,Can Catassus,8770,,Alt Penedès,Barcelona,Catalunya,ES,ES-B,,,,,
España,Espiells,8770,,Alt Penedès,Barcelona,Catalunya,ES,ES-B,,,,,
España,Monistrol D'Anoia,8770,,Alt Penedès,Barcelona,Catalunya,ES,ES-B,,,,,
España,Sant Sadurní D'Anoia,8770,,Alt Penedès,Barcelona,Catalunya,ES,ES-B,,,,,
España,"Cases Noves De Cal Pardo, Les",8773,,Alt Penedès,Barcelona,Catalunya,ES,ES-B,,,,,
España,Mediona,8773,,Alt Penedès,Barcelona,Catalunya,ES,ES-B,,,,,
España,Sant Pere Sacarrera,8773,,Alt Penedès,Barcelona,Catalunya,ES,ES-B,,,,,
España,"Carrer De Cal Rossell, El",8775,,Alt Penedès,Barcelona,Catalunya,ES,ES-B,,,,,
España,"Carrer Del Bosc, El",8775,,Alt Penedès,Barcelona,Catalunya,ES,ES-B,,,,,
España,Lavit,8775,,Alt Penedès,Barcelona,Catalunya,ES,ES-B,,,,,
España,"Pineda, La (Torrelavit)",8775,,Alt Penedès,Barcelona,Catalunya,ES,ES-B,,,,,
España,Torrelavit,8775,,Alt Penedès,Barcelona,Catalunya,ES,ES-B,,,,,
España,Sant Pere De Riudebitlles,8776,,Alt Penedès,Barcelona,Catalunya,ES,ES-B,,,,,
España,Sant Quintí De Mediona,8777,,Alt Penedès,Barcelona,Catalunya,ES,ES-B,,,,,
España,Llacuna,8779,,Anoia,Barcelona,Catalunya,ES,ES-B,,,,,
España,Pallejà,8780,,Baix Llobregat,Barcelona,Catalunya,ES,ES-B,,,,,
España,Hostalets De Pierola,8781,,Anoia,Barcelona,Catalunya,ES,ES-B,,,,,
España,Pierola,8781,,Anoia,Barcelona,Catalunya,ES,ES-B,,,,,
España,Beguda Alta,8782,,Anoia,Barcelona,Catalunya,ES,ES-B,,,,,
España,Sant Joan Samora,8782,,Anoia,Barcelona,Catalunya,ES,ES-B,,,,,
España,Masquefa,8783,,Anoia,Barcelona,Catalunya,ES,ES-B,,,,,
España,El Badorc,8784,,Anoia,Barcelona,Catalunya,ES,ES-B,,,,,
España,La Fortesa,8784,,Anoia,Barcelona,Catalunya,ES,ES-B,,,,,
España,Piera,8784,,Anoia,Barcelona,Catalunya,ES,ES-B,,,,,
España,Sant Jaume Sesoliveres,8784,,Anoia,Barcelona,Catalunya,ES,ES-B,,,,,
España,Vallbona D'Anoia,8785,,Anoia,Barcelona,Catalunya,ES,ES-B,,,,,
España,Capellades,8786,,Anoia,Barcelona,Catalunya,ES,ES-B,,,,,
España,Can Bou,8787,,Anoia,Barcelona,Catalunya,ES,ES-B,,,,,
España,Carme,8787,,Anoia,Barcelona,Catalunya,ES,ES-B,,,,,
España,Orpí,8787,,Anoia,Barcelona,Catalunya,ES,ES-B,,,,,
España,La Pobla De Claramunt,8787,,Anoia,Barcelona,Catalunya,ES,ES-B,,,,,
España,Santa Maria De Miralles,8787,,Anoia,Barcelona,Catalunya,ES,ES-B,,,,,
España,Vilanova Del Camí,8788,,Anoia,Barcelona,Catalunya,ES,ES-B,,,,,
España,Torre Baixa,8789,,Anoia,Barcelona,Catalunya,ES,ES-B,,,,,
España,Torre De Claramunt,8789,,Anoia,Barcelona,Catalunya,ES,ES-B,,,,,
España,Vilanova D'Espoia,8789,,Anoia,Barcelona,Catalunya,ES,ES-B,,,,,
España,Gelida,8790,,Alt Penedès,Barcelona,Catalunya,ES,ES-B,,,,,
España,El Puig,8790,,Alt Penedès,Barcelona,Catalunya,ES,ES-B,,,,,
España,Sant Salvador,8790,,Alt Penedès,Barcelona,Catalunya,ES,ES-B,,,,,
España,La Valenciana,8790,,Alt Penedès,Barcelona,Catalunya,ES,ES-B,,,,,
España,Sant Llorenç D'Hortons,8791,,Alt Penedès,Barcelona,Catalunya,ES,ES-B,,,,,
España,La Granada,8792,,Alt Penedès,Barcelona,Catalunya,ES,ES-B,,,,,
España,Santa Fe Del Penedès,8792,,Alt Penedès,Barcelona,Catalunya,ES,ES-B,,,,,
España,Avinyonet Del Penedès,8793,,Alt Penedès,Barcelona,Catalunya,ES,ES-B,,,,,
España,Les Cabories,8793,,Alt Penedès,Barcelona,Catalunya,ES,ES-B,,,,,
España,Cantallops (Avinyonet Del Penedes),8793,,Alt Penedès,Barcelona,Catalunya,ES,ES-B,,,,,
España,Clariana (Avinyonet Del Penedes),8793,,Alt Penedès,Barcelona,Catalunya,ES,ES-B,,,,,
España,Les Gunyoles,8793,,Alt Penedès,Barcelona,Catalunya,ES,ES-B,,,,,
España,Cabanyes,8794,,Alt Penedès,Barcelona,Catalunya,ES,ES-B,,,,,
España,Olesa De Bonesvalls,8795,,Alt Penedès,Barcelona,Catalunya,ES,ES-B,,,,,
España,Pacs Del Penedès,8796,,Alt Penedès,Barcelona,Catalunya,ES,ES-B,,,,,
España,Puigdàlber,8797,,Alt Penedès,Barcelona,Catalunya,ES,ES-B,,,,,
España,Sant Cugat Sesgarrigues,8798,,Alt Penedès,Barcelona,Catalunya,ES,ES-B,,,,,
España,Sant Sebastia Dels Gorgs,8798,,Alt Penedès,Barcelona,Catalunya,ES,ES-B,,,,,
España,Sant Pere Molanta,8799,,Alt Penedès,Barcelona,Catalunya,ES,ES-B,,,,,
España,Vilanova I La Geltrú,8800,,Garraf,Barcelona,Catalunya,ES,ES-B,,,,,
España,Sabadell,8802,,Vallès Occidental,Barcelona,Catalunya,ES,ES-B,,,,,
España,Sabadell,8805,,Vallès Occidental,Barcelona,Catalunya,ES,ES-B,,,,,
España,Puigmolto,8810,,Garraf,Barcelona,Catalunya,ES,ES-B,,,,,
España,Sant Pere De Ribes,8810,,Garraf,Barcelona,Catalunya,ES,ES-B,,,,,
España,Canyelles,8811,,Garraf,Barcelona,Catalunya,ES,ES-B,,,,,
España,El Mas D'En Serra,8812,,Garraf,Barcelona,Catalunya,ES,ES-B,,,,,
España,Les Roquetes,8812,,Garraf,Barcelona,Catalunya,ES,ES-B,,,,,
España,Vilanoveta,8812,,Garraf,Barcelona,Catalunya,ES,ES-B,,,,,
España,Olivella,8818,,Garraf,Barcelona,Catalunya,ES,ES-B,,,,,
España,Prat De Llobregat,8820,,Baix Llobregat,Barcelona,Catalunya,ES,ES-B,,,,,
España,Sant Boi De Llobregat,8830,,Baix Llobregat,Barcelona,Catalunya,ES,ES-B,,,,,
España,Viladecans,8840,,Baix Llobregat,Barcelona,Catalunya,ES,ES-B,,,,,
España,Sant Climent De Llobregat,8849,,Baix Llobregat,Barcelona,Catalunya,ES,ES-B,,,,,
España,Gavà,8850,,Baix Llobregat,Barcelona,Catalunya,ES,ES-B,,,,,
España,Begues,8859,,Baix Llobregat,Barcelona,Catalunya,ES,ES-B,,,,,
España,Les Botigues De Sitges,8860,,Garraf,Barcelona,Catalunya,ES,ES-B,,,,,
España,Castelldefels,8860,,Baix Llobregat,Barcelona,Catalunya,ES,ES-B,,,,,
España,Garraf Ii (Sitges),8860,,Garraf,Barcelona,Catalunya,ES,ES-B,,,,,
España,Rat Penat (Sitges),8860,,Garraf,Barcelona,Catalunya,ES,ES-B,,,,,
España,Sitges,8870,,Garraf,Barcelona,Catalunya,ES,ES-B,,,,,
España,Garraf,8871,,Garraf,Barcelona,Catalunya,ES,ES-B,,,,,
España,Vallcarca,8872,,Alt Penedès,Barcelona,Catalunya,ES,ES-B,,,,,
España,Cubelles,8880,,Garraf,Barcelona,Catalunya,ES,ES-B,,,,,
España,Parc De Cubelles,8880,,Garraf,Barcelona,Catalunya,ES,ES-B,,,,,
España,Hospitalet De Llobregat,8900,,Barcelonès,Barcelona,Catalunya,ES,ES-B,,,,,
España,Hospitalet De Llobregat,8901,,Barcelonès,Barcelona,Catalunya,ES,ES-B,,,,,
España,Hospitalet De Llobregat,8902,,Barcelonès,Barcelona,Catalunya,ES,ES-B,,,,,
España,Hospitalet De Llobregat,8903,,Barcelonès,Barcelona,Catalunya,ES,ES-B,,,,,
España,Hospitalet De Llobregat,8904,,Barcelonès,Barcelona,Catalunya,ES,ES-B,,,,,
España,Hospitalet De Llobregat,8905,,Barcelonès,Barcelona,Catalunya,ES,ES-B,,,,,
España,Hospitalet De Llobregat,8906,,Barcelonès,Barcelona,Catalunya,ES,ES-B,,,,,
España,Hospitalet De Llobregat,8907,,Barcelonès,Barcelona,Catalunya,ES,ES-B,,,,,
España,Hospitalet De Llobregat,8908,,Barcelonès,Barcelona,Catalunya,ES,ES-B,,,,,
España,Badalona,8910,,Barcelonès,Barcelona,Catalunya,ES,ES-B,,,,,
España,Badalona,8911,,Barcelonès,Barcelona,Catalunya,ES,ES-B,,,,,
España,Badalona,8912,,Barcelonès,Barcelona,Catalunya,ES,ES-B,,,,,
España,Badalona,8913,,Barcelonès,Barcelona,Catalunya,ES,ES-B,,,,,
España,Badalona,8914,,Barcelonès,Barcelona,Catalunya,ES,ES-B,,,,,
España,Badalona,8915,,Barcelonès,Barcelona,Catalunya,ES,ES-B,,,,,
España,Badalona,8916,,Barcelonès,Barcelona,Catalunya,ES,ES-B,,,,,
España,Badalona,8917,,Barcelonès,Barcelona,Catalunya,ES,ES-B,,,,,
España,Badalona,8918,,Barcelonès,Barcelona,Catalunya,ES,ES-B,,,,,
España,Santa Coloma De Gramenet,8920,,Barcelonès,Barcelona,Catalunya,ES,ES-B,,,,,
España,Santa Coloma De Gramenet,8921,,Barcelonès,Barcelona,Catalunya,ES,ES-B,,,,,
España,Santa Coloma De Gramenet,8922,,Barcelonès,Barcelona,Catalunya,ES,ES-B,,,,,
España,Santa Coloma De Gramenet,8923,,Barcelonès,Barcelona,Catalunya,ES,ES-B,,,,,
España,Santa Coloma De Gramenet,8924,,Barcelonès,Barcelona,Catalunya,ES,ES-B,,,,,
España,Sant Adrià De Besòs,8930,,Barcelonès,Barcelona,Catalunya,ES,ES-B,,,,,
España,Cornellà De Llobregat,8940,,Baix Llobregat,Barcelona,Catalunya,ES,ES-B,,,,,
España,Esplugues De Llobregat,8950,,Baix Llobregat,Barcelona,Catalunya,ES,ES-B,,,,,
España,Sant Just Desvern,8960,,Baix Llobregat,Barcelona,Catalunya,ES,ES-B,,,,,
España,Sant Joan Despí,8970,,Baix Llobregat,Barcelona,Catalunya,ES,ES-B,,,,,
España,Sant Feliu De Llobregat,8980,,Baix Llobregat,Barcelona,Catalunya,ES,ES-B,,,,,
